<?xml version="1.0" encoding="UTF-8"?>
<project-private xmlns="http://www.netbeans.org/ns/project-private/1">
    <editor-bookmarks xmlns="http://www.netbeans.org/ns/editor-bookmarks/2" lastBookmarkId="0"/>
    <open-files xmlns="http://www.netbeans.org/ns/projectui-open-files/2">
        <group>
            <file>file:/C:/Users/pimviilboy85/Documents/NetBeansProjects/WageCalculator/src/application/Shift.java</file>
            <file>file:/C:/Users/pimviilboy85/Documents/NetBeansProjects/WageCalculator/src/ui/KeyListeneri.java</file>
            <file>file:/C:/Users/pimviilboy85/Documents/NetBeansProjects/WageCalculator/src/ui/Controller.java</file>
            <file>file:/C:/Users/pimviilboy85/Documents/NetBeansProjects/WageCalculator/src/application/CSVreader.java</file>
            <file>file:/C:/Users/pimviilboy85/Documents/NetBeansProjects/WageCalculator/src/application/Employee.java</file>
            <file>file:/C:/Users/pimviilboy85/Documents/NetBeansProjects/WageCalculator/src/application/WageCalculator.java</file>
            <file>file:/C:/Users/pimviilboy85/Documents/NetBeansProjects/WageCalculator/src/application/Staff.java</file>
            <file>file:/C:/Users/pimviilboy85/Documents/NetBeansProjects/WageCalculator/src/ui/ActionListeneri.java</file>
            <file>file:/C:/Users/pimviilboy85/Documents/NetBeansProjects/WageCalculator/src/ui/UserInterface.java</file>
            <file>file:/C:/Users/pimviilboy85/Documents/NetBeansProjects/WageCalculator/src/application/Roster.java</file>
            <file>file:/C:/Users/pimviilboy85/Documents/NetBeansProjects/WageCalculator/src/application/Main.java</file>
        </group>
    </open-files>
</project-private>
